UID,iso2,iso3,code3,FIPS,Admin2,Province_State,Country_Region,Lat,Long_,Combined_Key,1/22/20,1/23/20,1/24/20,1/25/20,1/26/20,1/27/20,1/28/20,1/29/20,1/30/20,1/31/20,2/1/20,2/2/20,2/3/20,2/4/20,2/5/20,2/6/20,2/7/20,2/8/20,2/9/20,2/10/20,2/11/20,2/12/20,2/13/20,2/14/20,2/15/20,2/16/20,2/17/20,2/18/20,2/19/20,2/20/20,2/21/20,2/22/20,2/23/20,2/24/20,2/25/20,2/26/20,2/27/20,2/28/20,2/29/20,3/1/20,3/2/20,3/3/20,3/4/20,3/5/20,3/6/20,3/7/20,3/8/20,3/9/20,3/10/20,3/11/20,3/12/20,3/13/20,3/14/20,3/15/20,3/16/20,3/17/20,3/18/20,3/19/20,3/20/20,3/21/20,3/22/20,3/23/20,3/24/20,3/25/20,3/26/20,3/27/20,3/28/20,3/29/20,3/30/20,3/31/20,4/1/20,4/2/20,4/3/20,4/4/20,4/5/20,4/6/20,4/7/20,4/8/20,4/9/20,4/10/20,4/11/20,Date
16,AS,ASM,16,60.0,,American Samoa,US,-14.271,-170.132,"American Samoa, US",0,0,0,0,0,0,0,0,0,0,0,0,0,0,0,0,0,0,0,0,0,0,0,0,0,0,0,0,0,0,0,0,0,0,0,0,0,0,0,0,0,0,0,0,0,0,0,0,0,0,0,0,0,0,0,0,0,0,0,0,0,0,0,0,0,0,0,0,0,0,0,0,0,0,0,0,0,0,0,0,0,0
316,GU,GUM,316,66.0,,Guam,US,13.4443,144.7937,"Guam, US",0,0,0,0,0,0,0,0,0,0,0,0,0,0,0,0,0,0,0,0,0,0,0,0,0,0,0,0,0,0,0,0,0,0,0,0,0,0,0,0,0,0,0,0,0,0,0,0,0,0,0,0,0,0,3,3,5,12,14,15,27,29,32,37,45,51,55,56,58,69,77,82,84,93,112,113,121,121,128,130,133,133
580,MP,MNP,580,69.0,,Northern Mariana Islands,US,15.0979,145.6739,"Northern Mariana Islands, US",0,0,0,0,0,0,0,0,0,0,0,0,0,0,0,0,0,0,0,0,0,0,0,0,0,0,0,0,0,0,0,0,0,0,0,0,0,0,0,0,0,0,0,0,0,0,0,0,0,0,0,0,0,0,0,0,0,0,0,0,0,0,0,0,0,0,0,0,0,2,6,6,6,6,6,6,6,6,6,6,6,6
630,PR,PRI,630,72.0,,Puerto Rico,US,18.2208,-66.5901,"Puerto Rico, US",0,0,0,0,0,0,0,0,0,0,0,0,0,0,0,0,0,0,0,0,0,0,0,0,0,0,0,0,0,0,0,0,0,0,0,0,0,0,0,0,0,0,0,0,0,0,0,0,0,0,0,0,0,0,5,5,5,5,14,21,23,31,39,51,64,79,100,127,174,239,286,316,316,452,475,513,573,620,683,725,788,897
850,VI,VIR,850,78.0,,Virgin Islands,US,18.3358,-64.8963,"Virgin Islands, US",0,0,0,0,0,0,0,0,0,0,0,0,0,0,0,0,0,0,0,0,0,0,0,0,0,0,0,0,0,0,0,0,0,0,0,0,0,0,0,0,0,0,0,0,0,0,0,0,0,0,0,0,0,0,1,2,2,3,3,6,6,7,17,17,17,19,22,23,30,30,30,30,37,40,42,43,43,45,45,50,51,51
84001001,US,USA,840,1001.0,Autauga,Alabama,US,32.53952745,-86.64408227,"Autauga, Alabama, US",0,0,0,0,0,0,0,0,0,0,0,0,0,0,0,0,0,0,0,0,0,0,0,0,0,0,0,0,0,0,0,0,0,0,0,0,0,0,0,0,0,0,0,0,0,0,0,0,0,0,0,0,0,0,0,0,0,0,0,0,0,0,1,4,6,6,6,6,6,7,8,10,12,12,12,12,12,12,15,17,19,19
84001003,US,USA,840,1003.0,Baldwin,Alabama,US,30.72774991,-87.72207058,"Baldwin, Alabama, US",0,0,0,0,0,0,0,0,0,0,0,0,0,0,0,0,0,0,0,0,0,0,0,0,0,0,0,0,0,0,0,0,0,0,0,0,0,0,0,0,0,0,0,0,0,0,0,0,0,0,0,0,0,1,1,1,1,1,2,2,2,3,4,4,5,5,10,15,18,19,20,24,28,29,29,38,42,44,56,59,66,71
84001005,US,USA,840,1005.0,Barbour,Alabama,US,31.868263,-85.3871286,"Barbour, Alabama, US",0,0,0,0,0,0,0,0,0,0,0,0,0,0,0,0,0,0,0,0,0,0,0,0,0,0,0,0,0,0,0,0,0,0,0,0,0,0,0,0,0,0,0,0,0,0,0,0,0,0,0,0,0,0,0,0,0,0,0,0,0,0,0,0,0,0,0,0,0,0,0,0,1,2,2,2,3,3,4,9,9,10
84001007,US,USA,840,1007.0,Bibb,Alabama,US,32.99642064,-87.12511459999996,"Bibb, Alabama, US",0,0,0,0,0,0,0,0,0,0,0,0,0,0,0,0,0,0,0,0,0,0,0,0,0,0,0,0,0,0,0,0,0,0,0,0,0,0,0,0,0,0,0,0,0,0,0,0,0,0,0,0,0,0,0,0,0,0,0,0,0,0,0,0,0,0,0,0,2,3,3,4,4,4,5,7,8,9,9,11,13,16
84001009,US,USA,840,1009.0,Blount,Alabama,US,33.98210918,-86.56790593,"Blount, Alabama, US",0,0,0,0,0,0,0,0,0,0,0,0,0,0,0,0,0,0,0,0,0,0,0,0,0,0,0,0,0,0,0,0,0,0,0,0,0,0,0,0,0,0,0,0,0,0,0,0,0,0,0,0,0,0,0,0,0,0,0,0,0,0,0,1,2,4,5,5,5,5,5,6,9,10,10,10,10,10,11,12,12,13
84001011,US,USA,840,1011.0,Bullock,Alabama,US,32.10030533,-85.71265535,"Bullock, Alabama, US",0,0,0,0,0,0,0,0,0,0,0,0,0,0,0,0,0,0,0,0,0,0,0,0,0,0,0,0,0,0,0,0,0,0,0,0,0,0,0,0,0,0,0,0,0,0,0,0,0,0,0,0,0,0,0,0,0,0,0,0,0,0,0,0,2,2,3,3,3,3,3,2,2,2,2,2,2,3,3,4,4,4
84001013,US,USA,840,1013.0,Butler,Alabama,US,31.75300095,-86.68057478,"Butler, Alabama, US",0,0,0,0,0,0,0,0,0,0,0,0,0,0,0,0,0,0,0,0,0,0,0,0,0,0,0,0,0,0,0,0,0,0,0,0,0,0,0,0,0,0,0,0,0,0,0,0,0,0,0,0,0,0,0,0,0,0,0,0,0,0,0,1,1,1,1,1,1,1,1,1,1,1,1,1,2,2,3,3,6,7
84001015,US,USA,840,1015.0,Calhoun,Alabama,US,33.77483727,-85.82630386,"Calhoun, Alabama, US",0,0,0,0,0,0,0,0,0,0,0,0,0,0,0,0,0,0,0,0,0,0,0,0,0,0,0,0,0,0,0,0,0,0,0,0,0,0,0,0,0,0,0,0,0,0,0,0,0,0,0,0,0,0,0,0,1,1,1,1,1,2,2,2,2,3,3,3,8,9,11,12,18,21,23,34,41,49,53,54,57,59
84001017,US,USA,840,1017.0,Chambers,Alabama,US,32.91360079,-85.39072749,"Chambers, Alabama, US",0,0,0,0,0,0,0,0,0,0,0,0,0,0,0,0,0,0,0,0,0,0,0,0,0,0,0,0,0,0,0,0,0,0,0,0,0,0,0,0,0,0,0,0,0,0,0,0,0,0,0,0,0,0,0,0,0,1,2,1,2,2,5,10,13,13,17,27,33,36,42,67,80,87,89,94,101,109,151,168,181,198
84001019,US,USA,840,1019.0,Cherokee,Alabama,US,34.17805983,-85.60638968,"Cherokee, Alabama, US",0,0,0,0,0,0,0,0,0,0,0,0,0,0,0,0,0,0,0,0,0,0,0,0,0,0,0,0,0,0,0,0,0,0,0,0,0,0,0,0,0,0,0,0,0,0,0,0,0,0,0,0,0,0,0,0,0,0,0,0,0,0,0,1,1,1,1,2,2,2,2,4,5,6,6,6,6,7,7,7,7,8
84001021,US,USA,840,1021.0,Chilton,Alabama,US,32.85044126,-86.7173256,"Chilton, Alabama, US",0,0,0,0,0,0,0,0,0,0,0,0,0,0,0,0,0,0,0,0,0,0,0,0,0,0,0,0,0,0,0,0,0,0,0,0,0,0,0,0,0,0,0,0,0,0,0,0,0,0,0,0,0,0,0,0,0,0,0,0,0,0,0,1,4,6,7,7,10,11,13,14,15,15,15,19,20,20,25,26,30,30
84001023,US,USA,840,1023.0,Choctaw,Alabama,US,32.02227341,-88.26564429999998,"Choctaw, Alabama, US",0,0,0,0,0,0,0,0,0,0,0,0,0,0,0,0,0,0,0,0,0,0,0,0,0,0,0,0,0,0,0,0,0,0,0,0,0,0,0,0,0,0,0,0,0,0,0,0,0,0,0,0,0,0,0,0,0,0,0,0,0,0,0,0,1,1,1,1,2,3,4,4,4,4,5,5,6,6,6,6,8,10
84001025,US,USA,840,1025.0,Clarke,Alabama,US,31.68099859,-87.83548597,"Clarke, Alabama, US",0,0,0,0,0,0,0,0,0,0,0,0,0,0,0,0,0,0,0,0,0,0,0,0,0,0,0,0,0,0,0,0,0,0,0,0,0,0,0,0,0,0,0,0,0,0,0,0,0,0,0,0,0,0,0,0,0,0,0,0,0,0,0,0,0,0,0,0,0,0,0,2,3,6,8,9,10,10,12,13,15,19
84001027,US,USA,840,1027.0,Clay,Alabama,US,33.26984193,-85.85836077,"Clay, Alabama, US",0,0,0,0,0,0,0,0,0,0,0,0,0,0,0,0,0,0,0,0,0,0,0,0,0,0,0,0,0,0,0,0,0,0,0,0,0,0,0,0,0,0,0,0,0,0,0,0,0,0,0,0,0,0,0,0,0,0,0,0,0,0,0,1,1,1,2,2,2,2,2,6,8,8,9,9,9,10,11,11,12,14
84001029,US,USA,840,1029.0,Cleburne,Alabama,US,33.67679204,-85.52005899,"Cleburne, Alabama, US",0,0,0,0,0,0,0,0,0,0,0,0,0,0,0,0,0,0,0,0,0,0,0,0,0,0,0,0,0,0,0,0,0,0,0,0,0,0,0,0,0,0,0,0,0,0,0,0,0,0,0,0,0,0,0,0,0,0,0,0,0,0,0,1,1,3,4,5,5,5,6,6,7,7,7,9,9,12,12,12,12,12
84001031,US,USA,840,1031.0,Coffee,Alabama,US,31.39932826,-85.98901039,"Coffee, Alabama, US",0,0,0,0,0,0,0,0,0,0,0,0,0,0,0,0,0,0,0,0,0,0,0,0,0,0,0,0,0,0,0,0,0,0,0,0,0,0,0,0,0,0,0,0,0,0,0,0,0,0,0,0,0,0,0,0,0,0,0,0,0,0,0,0,1,0,0,0,0,0,0,1,5,7,7,8,8,8,13,14,17,31
84001033,US,USA,840,1033.0,Colbert,Alabama,US,34.69847452,-87.80168544,"Colbert, Alabama, US",0,0,0,0,0,0,0,0,0,0,0,0,0,0,0,0,0,0,0,0,0,0,0,0,0,0,0,0,0,0,0,0,0,0,0,0,0,0,0,0,0,0,0,0,0,0,0,0,0,0,0,0,0,0,0,0,0,0,0,0,0,0,0,1,1,1,1,2,4,4,4,5,5,5,6,6,7,7,7,8,8,9
84001035,US,USA,840,1035.0,Conecuh,Alabama,US,31.43401703,-86.99320044,"Conecuh, Alabama, US",0,0,0,0,0,0,0,0,0,0,0,0,0,0,0,0,0,0,0,0,0,0,0,0,0,0,0,0,0,0,0,0,0,0,0,0,0,0,0,0,0,0,0,0,0,0,0,0,0,0,0,0,0,0,0,0,0,0,0,0,0,0,0,0,0,0,0,0,0,0,0,1,1,2,2,2,2,4,4,3,3,5
84001037,US,USA,840,1037.0,Coosa,Alabama,US,32.93690146,-86.24847739,"Coosa, Alabama, US",0,0,0,0,0,0,0,0,0,0,0,0,0,0,0,0,0,0,0,0,0,0,0,0,0,0,0,0,0,0,0,0,0,0,0,0,0,0,0,0,0,0,0,0,0,0,0,0,0,0,0,0,0,0,0,0,0,0,0,0,0,0,0,0,2,2,2,3,3,4,4,5,6,6,7,8,9,9,9,10,11,18
84001039,US,USA,840,1039.0,Covington,Alabama,US,31.2477854,-86.45050893,"Covington, Alabama, US",0,0,0,0,0,0,0,0,0,0,0,0,0,0,0,0,0,0,0,0,0,0,0,0,0,0,0,0,0,0,0,0,0,0,0,0,0,0,0,0,0,0,0,0,0,0,0,0,0,0,0,0,0,0,0,0,0,0,0,0,0,0,0,0,0,1,2,2,2,2,3,3,4,4,4,4,5,9,10,10,11,13
84001041,US,USA,840,1041.0,Crenshaw,Alabama,US,31.72941803,-86.31593104,"Crenshaw, Alabama, US",0,0,0,0,0,0,0,0,0,0,0,0,0,0,0,0,0,0,0,0,0,0,0,0,0,0,0,0,0,0,0,0,0,0,0,0,0,0,0,0,0,0,0,0,0,0,0,0,0,0,0,0,0,0,0,0,0,0,0,0,0,0,0,0,0,1,1,1,1,1,1,1,1,2,2,2,2,2,2,2,2,3
84001043,US,USA,840,1043.0,Cullman,Alabama,US,34.13020303,-86.86888037,"Cullman, Alabama, US",0,0,0,0,0,0,0,0,0,0,0,0,0,0,0,0,0,0,0,0,0,0,0,0,0,0,0,0,0,0,0,0,0,0,0,0,0,0,0,0,0,0,0,0,0,0,0,0,0,0,0,0,0,0,0,0,0,0,0,2,2,2,3,4,6,6,7,7,8,8,9,9,15,15,15,20,21,22,22,30,31,39
84001045,US,USA,840,1045.0,Dale,Alabama,US,31.43037123,-85.61095742,"Dale, Alabama, US",0,0,0,0,0,0,0,0,0,0,0,0,0,0,0,0,0,0,0,0,0,0,0,0,0,0,0,0,0,0,0,0,0,0,0,0,0,0,0,0,0,0,0,0,0,0,0,0,0,0,0,0,0,0,0,0,0,0,0,0,0,0,0,0,0,0,0,0,0,0,0,1,1,2,2,4,4,4,6,6,6,8
84001047,US,USA,840,1047.0,Dallas,Alabama,US,32.32688101,-87.10866709999998,"Dallas, Alabama, US",0,0,0,0,0,0,0,0,0,0,0,0,0,0,0,0,0,0,0,0,0,0,0,0,0,0,0,0,0,0,0,0,0,0,0,0,0,0,0,0,0,0,0,0,0,0,0,0,0,0,0,0,0,0,0,0,0,0,0,0,0,0,0,2,2,2,2,2,2,2,2,4,7,7,7,7,7,7,7,11,10,14
84001049,US,USA,840,1049.0,DeKalb,Alabama,US,34.45946862,-85.80782906,"DeKalb, Alabama, US",0,0,0,0,0,0,0,0,0,0,0,0,0,0,0,0,0,0,0,0,0,0,0,0,0,0,0,0,0,0,0,0,0,0,0,0,0,0,0,0,0,0,0,0,0,0,0,0,0,0,0,0,0,0,0,0,0,0,0,0,0,0,0,0,1,1,4,4,4,4,5,8,10,13,14,14,14,14,15,17,21,26
84001051,US,USA,840,1051.0,Elmore,Alabama,US,32.59785413,-86.14415284,"Elmore, Alabama, US",0,0,0,0,0,0,0,0,0,0,0,0,0,0,0,0,0,0,0,0,0,0,0,0,0,0,0,0,0,0,0,0,0,0,0,0,0,0,0,0,0,0,0,0,0,0,0,0,0,0,0,0,1,1,1,2,4,5,5,6,6,6,8,9,10,12,12,13,13,13,14,17,19,19,19,19,22,22,27,29,30,33
84001053,US,USA,840,1053.0,Escambia,Alabama,US,31.1256789,-87.15918694,"Escambia, Alabama, US",0,0,0,0,0,0,0,0,0,0,0,0,0,0,0,0,0,0,0,0,0,0,0,0,0,0,0,0,0,0,0,0,0,0,0,0,0,0,0,0,0,0,0,0,0,0,0,0,0,0,0,0,0,0,0,0,0,0,0,0,0,0,0,0,0,0,1,1,1,1,1,2,2,2,3,3,3,3,5,5,9,8
84001055,US,USA,840,1055.0,Etowah,Alabama,US,34.04567266,-86.04051873,"Etowah, Alabama, US",0,0,0,0,0,0,0,0,0,0,0,0,0,0,0,0,0,0,0,0,0,0,0,0,0,0,0,0,0,0,0,0,0,0,0,0,0,0,0,0,0,0,0,0,0,0,0,0,0,0,0,0,0,0,0,0,0,0,0,0,0,0,0,0,4,4,6,6,6,8,10,13,19,26,35,41,43,43,49,63,74,75
84001057,US,USA,840,1057.0,Fayette,Alabama,US,33.72076938,-87.73886638,"Fayette, Alabama, US",0,0,0,0,0,0,0,0,0,0,0,0,0,0,0,0,0,0,0,0,0,0,0,0,0,0,0,0,0,0,0,0,0,0,0,0,0,0,0,0,0,0,0,0,0,0,0,0,0,0,0,0,0,0,0,0,0,0,0,0,0,0,0,0,0,0,0,0,1,1,1,1,1,1,1,1,1,1,1,2,3,4
84001059,US,USA,840,1059.0,Franklin,Alabama,US,34.44235334,-87.84289505,"Franklin, Alabama, US",0,0,0,0,0,0,0,0,0,0,0,0,0,0,0,0,0,0,0,0,0,0,0,0,0,0,0,0,0,0,0,0,0,0,0,0,0,0,0,0,0,0,0,0,0,0,0,0,0,0,0,0,0,0,0,0,0,0,0,0,0,1,1,2,3,3,3,3,3,3,3,4,5,6,6,6,7,7,8,8,8,10
84001061,US,USA,840,1061.0,Geneva,Alabama,US,31.09389027,-85.83572839,"Geneva, Alabama, US",0,0,0,0,0,0,0,0,0,0,0,0,0,0,0,0,0,0,0,0,0,0,0,0,0,0,0,0,0,0,0,0,0,0,0,0,0,0,0,0,0,0,0,0,0,0,0,0,0,0,0,0,0,0,0,0,0,0,0,0,0,0,0,0,0,0,0,0,0,0,0,0,0,0,0,0,0,1,1,0,0,1
84001063,US,USA,840,1063.0,Greene,Alabama,US,32.85504247,-87.95684022,"Greene, Alabama, US",0,0,0,0,0,0,0,0,0,0,0,0,0,0,0,0,0,0,0,0,0,0,0,0,0,0,0,0,0,0,0,0,0,0,0,0,0,0,0,0,0,0,0,0,0,0,0,0,0,0,0,0,0,0,0,0,0,0,0,0,0,0,0,0,0,1,3,3,3,3,4,4,5,5,6,8,10,10,12,13,14,17
84001065,US,USA,840,1065.0,Hale,Alabama,US,32.76039258,-87.63284988,"Hale, Alabama, US",0,0,0,0,0,0,0,0,0,0,0,0,0,0,0,0,0,0,0,0,0,0,0,0,0,0,0,0,0,0,0,0,0,0,0,0,0,0,0,0,0,0,0,0,0,0,0,0,0,0,0,0,0,0,0,0,0,0,0,0,0,0,0,0,0,0,0,0,1,1,1,1,3,3,3,4,7,7,7,7,11,15
84001067,US,USA,840,1067.0,Henry,Alabama,US,31.51148016,-85.24267944,"Henry, Alabama, US",0,0,0,0,0,0,0,0,0,0,0,0,0,0,0,0,0,0,0,0,0,0,0,0,0,0,0,0,0,0,0,0,0,0,0,0,0,0,0,0,0,0,0,0,0,0,0,0,0,0,0,0,0,0,0,0,0,0,0,0,0,0,0,0,0,0,0,0,0,0,0,0,2,2,3,4,4,5,7,10,10,11
84001069,US,USA,840,1069.0,Houston,Alabama,US,31.15197924,-85.29939599,"Houston, Alabama, US",0,0,0,0,0,0,0,0,0,0,0,0,0,0,0,0,0,0,0,0,0,0,0,0,0,0,0,0,0,0,0,0,0,0,0,0,0,0,0,0,0,0,0,0,0,0,0,0,0,0,0,0,0,0,0,0,0,0,0,0,0,1,1,2,3,3,4,6,9,9,8,9,12,14,15,22,25,25,30,33,37,44
84001071,US,USA,840,1071.0,Jackson,Alabama,US,34.78144169,-85.99750489,"Jackson, Alabama, US",0,0,0,0,0,0,0,0,0,0,0,0,0,0,0,0,0,0,0,0,0,0,0,0,0,0,0,0,0,0,0,0,0,0,0,0,0,0,0,0,0,0,0,0,0,0,0,0,0,0,0,0,0,0,0,0,0,0,1,1,1,1,2,2,4,4,5,5,5,8,8,9,12,12,14,17,18,19,22,22,22,24
84001073,US,USA,840,1073.0,Jefferson,Alabama,US,33.55554728,-86.89506300000002,"Jefferson, Alabama, US",0,0,0,0,0,0,0,0,0,0,0,0,0,0,0,0,0,0,0,0,0,0,0,0,0,0,0,0,0,0,0,0,0,0,0,0,0,0,0,0,0,0,0,0,0,0,0,0,0,0,0,1,1,5,17,21,25,34,50,61,71,86,91,129,159,177,195,245,254,270,292,314,351,373,416,423,457,479,507,536,579,597
84001075,US,USA,840,1075.0,Lamar,Alabama,US,33.77995024,-88.09668032,"Lamar, Alabama, US",0,0,0,0,0,0,0,0,0,0,0,0,0,0,0,0,0,0,0,0,0,0,0,0,0,0,0,0,0,0,0,0,0,0,0,0,0,0,0,0,0,0,0,0,0,0,0,0,0,0,0,0,0,0,0,0,0,0,1,1,1,1,1,1,1,1,1,1,1,1,1,1,1,2,3,5,5,5,7,7,7,8
84001077,US,USA,840,1077.0,Lauderdale,Alabama,US,34.90171875,-87.65624729,"Lauderdale, Alabama, US",0,0,0,0,0,0,0,0,0,0,0,0,0,0,0,0,0,0,0,0,0,0,0,0,0,0,0,0,0,0,0,0,0,0,0,0,0,0,0,0,0,0,0,0,0,0,0,0,0,0,0,0,0,0,0,0,0,0,1,2,2,3,3,6,9,9,12,12,12,12,12,14,14,16,16,16,18,18,20,20,21,21
84001079,US,USA,840,1079.0,Lawrence,Alabama,US,34.52041498,-87.31069453,"Lawrence, Alabama, US",0,0,0,0,0,0,0,0,0,0,0,0,0,0,0,0,0,0,0,0,0,0,0,0,0,0,0,0,0,0,0,0,0,0,0,0,0,0,0,0,0,0,0,0,0,0,0,0,0,0,0,0,0,0,0,0,0,0,0,0,0,0,0,0,3,2,3,3,3,3,3,3,4,4,6,8,8,8,8,8,8,8
84001081,US,USA,840,1081.0,Lee,Alabama,US,32.60154883,-85.35132246,"Lee, Alabama, US",0,0,0,0,0,0,0,0,0,0,0,0,0,0,0,0,0,0,0,0,0,0,0,0,0,0,0,0,0,0,0,0,0,0,0,0,0,0,0,0,0,0,0,0,0,0,0,0,0,0,0,0,0,0,1,3,8,10,11,12,16,19,26,40,47,48,56,59,71,75,81,91,99,102,109,113,128,148,199,209,218,236
84001083,US,USA,840,1083.0,Limestone,Alabama,US,34.81185586,-86.98310072,"Limestone, Alabama, US",0,0,0,0,0,0,0,0,0,0,0,0,0,0,0,0,0,0,0,0,0,0,0,0,0,0,0,0,0,0,0,0,0,0,0,0,0,0,0,0,0,0,0,0,0,0,0,0,0,0,0,0,1,1,1,1,1,1,1,1,1,1,4,6,13,14,16,16,20,22,23,25,30,31,31,33,32,32,34,36,36,37
84001085,US,USA,840,1085.0,Lowndes,Alabama,US,32.1597283,-86.65158371,"Lowndes, Alabama, US",0,0,0,0,0,0,0,0,0,0,0,0,0,0,0,0,0,0,0,0,0,0,0,0,0,0,0,0,0,0,0,0,0,0,0,0,0,0,0,0,0,0,0,0,0,0,0,0,0,0,0,0,0,0,0,0,0,0,0,0,0,0,0,0,1,1,1,1,1,1,1,2,2,3,6,6,8,10,12,12,14,14
84001087,US,USA,840,1087.0,Macon,Alabama,US,32.38759944,-85.69267724,"Macon, Alabama, US",0,0,0,0,0,0,0,0,0,0,0,0,0,0,0,0,0,0,0,0,0,0,0,0,0,0,0,0,0,0,0,0,0,0,0,0,0,0,0,0,0,0,0,0,0,0,0,0,0,0,0,0,0,0,0,0,0,0,0,0,0,0,0,0,0,0,0,1,1,1,1,3,5,5,5,5,6,6,9,9,11,14
84001089,US,USA,840,1089.0,Madison,Alabama,US,34.76327133,-86.55069633,"Madison, Alabama, US",0,0,0,0,0,0,0,0,0,0,0,0,0,0,0,0,0,0,0,0,0,0,0,0,0,0,0,0,0,0,0,0,0,0,0,0,0,0,0,0,0,0,0,0,0,0,0,0,0,0,0,0,1,0,0,1,1,5,7,9,16,21,21,35,43,47,62,79,91,99,105,114,121,125,134,141,150,153,173,178,186,187
84001091,US,USA,840,1091.0,Marengo,Alabama,US,32.24767634,-87.78796182,"Marengo, Alabama, US",0,0,0,0,0,0,0,0,0,0,0,0,0,0,0,0,0,0,0,0,0,0,0,0,0,0,0,0,0,0,0,0,0,0,0,0,0,0,0,0,0,0,0,0,0,0,0,0,0,0,0,0,0,0,0,0,0,0,0,0,0,0,0,0,1,2,3,5,5,4,4,5,7,8,8,13,14,14,14,15,19,21
84001093,US,USA,840,1093.0,Marion,Alabama,US,34.13697363,-87.88704173,"Marion, Alabama, US",0,0,0,0,0,0,0,0,0,0,0,0,0,0,0,0,0,0,0,0,0,0,0,0,0,0,0,0,0,0,0,0,0,0,0,0,0,0,0,0,0,0,0,0,0,0,0,0,0,0,0,0,0,0,0,0,0,0,0,1,1,1,1,3,7,7,9,10,10,9,9,11,16,17,17,19,21,23,33,39,42,48
84001095,US,USA,840,1095.0,Marshall,Alabama,US,34.36975964,-86.30486727,"Marshall, Alabama, US",0,0,0,0,0,0,0,0,0,0,0,0,0,0,0,0,0,0,0,0,0,0,0,0,0,0,0,0,0,0,0,0,0,0,0,0,0,0,0,0,0,0,0,0,0,0,0,0,0,0,0,0,0,0,0,0,0,0,0,0,0,0,0,1,3,4,4,5,7,7,6,6,16,17,20,33,39,42,60,69,82,97
84001097,US,USA,840,1097.0,Mobile,Alabama,US,30.78472347,-88.20842409,"Mobile, Alabama, US",0,0,0,0,0,0,0,0,0,0,0,0,0,0,0,0,0,0,0,0,0,0,0,0,0,0,0,0,0,0,0,0,0,0,0,0,0,0,0,0,0,0,0,0,0,0,0,0,0,0,0,0,0,0,0,0,0,1,3,2,2,2,6,10,18,23,29,40,44,52,56,67,103,114,125,143,201,249,309,358,408,454
84001099,US,USA,840,1099.0,Monroe,Alabama,US,31.56729412,-87.36995001,"Monroe, Alabama, US",0,0,0,0,0,0,0,0,0,0,0,0,0,0,0,0,0,0,0,0,0,0,0,0,0,0,0,0,0,0,0,0,0,0,0,0,0,0,0,0,0,0,0,0,0,0,0,0,0,0,0,0,0,0,0,0,0,0,0,0,0,0,0,0,0,0,1,1,1,1,1,3,5,5,5,5,5,5,6,6,6,6
84001101,US,USA,840,1101.0,Montgomery,Alabama,US,32.2206831,-86.20969272,"Montgomery, Alabama, US",0,0,0,0,0,0,0,0,0,0,0,0,0,0,0,0,0,0,0,0,0,0,0,0,0,0,0,0,0,0,0,0,0,0,0,0,0,0,0,0,0,0,0,0,0,0,0,0,0,0,0,1,1,1,2,2,2,3,3,3,3,4,9,13,17,18,18,21,22,29,35,45,59,62,67,71,74,77,88,92,102,119
84001103,US,USA,840,1103.0,Morgan,Alabama,US,34.45500589,-86.85475946,"Morgan, Alabama, US",0,0,0,0,0,0,0,0,0,0,0,0,0,0,0,0,0,0,0,0,0,0,0,0,0,0,0,0,0,0,0,0,0,0,0,0,0,0,0,0,0,0,0,0,0,0,0,0,0,0,0,0,0,0,0,0,0,0,0,0,0,0,2,5,9,9,15,17,17,20,19,21,24,24,27,29,30,31,36,36,37,38
84001105,US,USA,840,1105.0,Perry,Alabama,US,32.64048341,-87.29770589,"Perry, Alabama, US",0,0,0,0,0,0,0,0,0,0,0,0,0,0,0,0,0,0,0,0,0,0,0,0,0,0,0,0,0,0,0,0,0,0,0,0,0,0,0,0,0,0,0,0,0,0,0,0,0,0,0,0,0,0,0,0,0,0,0,0,0,0,0,0,0,0,0,0,0,0,0,0,0,0,1,1,1,0,1,3,4,6
84001107,US,USA,840,1107.0,Pickens,Alabama,US,33.28094866,-88.08818103,"Pickens, Alabama, US",0,0,0,0,0,0,0,0,0,0,0,0,0,0,0,0,0,0,0,0,0,0,0,0,0,0,0,0,0,0,0,0,0,0,0,0,0,0,0,0,0,0,0,0,0,0,0,0,0,0,0,0,0,0,0,0,0,0,0,0,0,0,0,1,1,1,1,2,2,4,4,9,10,12,12,12,14,15,17,19,21,22
84001109,US,USA,840,1109.0,Pike,Alabama,US,31.80396383,-85.9408295,"Pike, Alabama, US",0,0,0,0,0,0,0,0,0,0,0,0,0,0,0,0,0,0,0,0,0,0,0,0,0,0,0,0,0,0,0,0,0,0,0,0,0,0,0,0,0,0,0,0,0,0,0,0,0,0,0,0,0,0,0,0,0,0,0,0,0,0,0,1,2,2,4,4,4,4,5,7,10,10,14,14,14,16,17,18,18,20
84001111,US,USA,840,1111.0,Randolph,Alabama,US,33.29526734,-85.45708831,"Randolph, Alabama, US",0,0,0,0,0,0,0,0,0,0,0,0,0,0,0,0,0,0,0,0,0,0,0,0,0,0,0,0,0,0,0,0,0,0,0,0,0,0,0,0,0,0,0,0,0,0,0,0,0,0,0,0,0,0,0,0,0,0,0,0,0,0,0,0,0,1,2,2,2,2,5,6,10,11,11,12,13,15,16,22,27,36
84001113,US,USA,840,1113.0,Russell,Alabama,US,32.28725256,-85.18415324,"Russell, Alabama, US",0,0,0,0,0,0,0,0,0,0,0,0,0,0,0,0,0,0,0,0,0,0,0,0,0,0,0,0,0,0,0,0,0,0,0,0,0,0,0,0,0,0,0,0,0,0,0,0,0,0,0,0,0,0,0,0,0,0,0,0,0,0,0,1,1,1,1,1,1,1,1,2,4,4,8,10,12,14,14,20,22,24
84001115,US,USA,840,1115.0,St. Clair,Alabama,US,33.71902176,-86.31029372,"St. Clair, Alabama, US",0,0,0,0,0,0,0,0,0,0,0,0,0,0,0,0,0,0,0,0,0,0,0,0,0,0,0,0,0,0,0,0,0,0,0,0,0,0,0,0,0,0,0,0,0,0,0,0,0,0,0,0,0,0,0,1,1,1,1,1,3,3,4,6,6,9,11,13,13,15,18,19,23,25,26,31,30,30,36,37,38,42
84001117,US,USA,840,1117.0,Shelby,Alabama,US,33.26879845,-86.66232561,"Shelby, Alabama, US",0,0,0,0,0,0,0,0,0,0,0,0,0,0,0,0,0,0,0,0,0,0,0,0,0,0,0,0,0,0,0,0,0,0,0,0,0,0,0,0,0,0,0,0,0,0,0,0,0,0,0,0,0,0,3,4,4,9,10,16,17,22,27,42,52,66,72,79,79,88,88,98,109,124,139,147,158,159,170,184,193,212
84001119,US,USA,840,1119.0,Sumter,Alabama,US,32.59117397,-88.19916205,"Sumter, Alabama, US",0,0,0,0,0,0,0,0,0,0,0,0,0,0,0,0,0,0,0,0,0,0,0,0,0,0,0,0,0,0,0,0,0,0,0,0,0,0,0,0,0,0,0,0,0,0,0,0,0,0,0,0,0,0,0,0,0,0,0,0,0,0,0,0,0,0,0,0,0,1,2,4,7,6,6,8,15,16,17,18,19,20
84001121,US,USA,840,1121.0,Talladega,Alabama,US,33.37823223,-86.16886178,"Talladega, Alabama, US",0,0,0,0,0,0,0,0,0,0,0,0,0,0,0,0,0,0,0,0,0,0,0,0,0,0,0,0,0,0,0,0,0,0,0,0,0,0,0,0,0,0,0,0,0,0,0,0,0,0,0,0,0,0,0,0,0,1,1,1,1,1,2,3,4,4,4,4,5,7,7,8,11,16,17,20,20,22,29,32,32,34
84001123,US,USA,840,1123.0,Tallapoosa,Alabama,US,32.86698258,-85.79833053,"Tallapoosa, Alabama, US",0,0,0,0,0,0,0,0,0,0,0,0,0,0,0,0,0,0,0,0,0,0,0,0,0,0,0,0,0,0,0,0,0,0,0,0,0,0,0,0,0,0,0,0,0,0,0,0,0,0,0,0,0,0,0,0,0,0,0,0,0,1,2,4,4,4,5,8,8,12,13,17,19,20,29,30,33,35,45,53,61,98
84001125,US,USA,840,1125.0,Tuscaloosa,Alabama,US,33.28726072,-87.52556818,"Tuscaloosa, Alabama, US",0,0,0,0,0,0,0,0,0,0,0,0,0,0,0,0,0,0,0,0,0,0,0,0,0,0,0,0,0,0,0,0,0,0,0,0,0,0,0,0,0,0,0,0,0,0,0,0,0,0,0,0,1,2,3,3,3,4,4,6,7,9,10,15,19,21,22,23,24,29,30,34,41,43,44,73,77,83,85,91,99,119
84001127,US,USA,840,1127.0,Walker,Alabama,US,33.80270512,-87.30027177,"Walker, Alabama, US",0,0,0,0,0,0,0,0,0,0,0,0,0,0,0,0,0,0,0,0,0,0,0,0,0,0,0,0,0,0,0,0,0,0,0,0,0,0,0,0,0,0,0,0,0,0,0,0,0,0,0,0,0,0,0,0,0,1,1,1,1,3,5,9,17,23,28,30,30,32,32,34,48,49,49,54,63,65,69,72,78,81
84001129,US,USA,840,1129.0,Washington,Alabama,US,31.4092794,-88.20689944,"Washington, Alabama, US",0,0,0,0,0,0,0,0,0,0,0,0,0,0,0,0,0,0,0,0,0,0,0,0,0,0,0,0,0,0,0,0,0,0,0,0,0,0,0,0,0,0,0,0,0,0,0,0,0,0,0,0,0,0,0,0,0,0,1,1,1,1,1,1,2,2,2,4,4,3,3,3,5,5,5,5,7,7,11,11,12,12
84001131,US,USA,840,1131.0,Wilcox,Alabama,US,31.98773215,-87.30891118,"Wilcox, Alabama, US",0,0,0,0,0,0,0,0,0,0,0,0,0,0,0,0,0,0,0,0,0,0,0,0,0,0,0,0,0,0,0,0,0,0,0,0,0,0,0,0,0,0,0,0,0,0,0,0,0,0,0,0,0,0,0,0,0,0,0,0,0,0,0,1,2,2,2,2,2,3,3,5,6,11,12,12,13,13,16,18,24,30
84001133,US,USA,840,1133.0,Winston,Alabama,US,34.15030532,-87.37325922,"Winston, Alabama, US",0,0,0,0,0,0,0,0,0,0,0,0,0,0,0,0,0,0,0,0,0,0,0,0,0,0,0,0,0,0,0,0,0,0,0,0,0,0,0,0,0,0,0,0,0,0,0,0,0,0,0,0,0,0,0,0,0,0,0,0,0,0,0,0,0,2,2,2,2,2,2,2,3,3,3,3,3,3,3,4,4,4
84002013,US,USA,840,2013.0,Aleutians East,Alaska,US,55.32222414,-161.9722021,"Aleutians East, Alaska, US",0,0,0,0,0,0,0,0,0,0,0,0,0,0,0,0,0,0,0,0,0,0,0,0,0,0,0,0,0,0,0,0,0,0,0,0,0,0,0,0,0,0,0,0,0,0,0,0,0,0,0,0,0,0,0,0,0,0,0,0,0,0,0,0,0,0,0,0,0,0,0,0,0,0,0,0,0,0,0,0,0,0
84002016,US,USA,840,2016.0,Aleutians West,Alaska,US,52.72541116,-110.4086433,"Aleutians West, Alaska, US",0,0,0,0,0,0,0,0,0,0,0,0,0,0,0,0,0,0,0,0,0,0,0,0,0,0,0,0,0,0,0,0,0,0,0,0,0,0,0,0,0,0,0,0,0,0,0,0,0,0,0,0,0,0,0,0,0,0,0,0,0,0,0,0,0,0,0,0,0,0,0,0,0,0,0,0,0,0,0,0,0,0
84002020,US,USA,840,2020.0,Anchorage,Alaska,US,61.14998174,-149.14269860000005,"Anchorage,Alaska,US",0,0,0,0,0,0,0,0,0,0,0,0,0,0,0,0,0,0,0,0,0,0,0,0,0,0,0,0,0,0,0,0,0,0,0,0,0,0,0,0,0,0,0,0,0,0,0,0,0,0,0,0,1,1,1,1,2,4,4,4,5,13,17,17,28,30,43,54,59,61,65,67,73,81,85,88,98,103,109,112,121,127
84002050,US,USA,840,2050.0,Bethel,Alaska,US,60.90980451,-159.8561831,"Bethel, Alaska, US",0,0,0,0,0,0,0,0,0,0,0,0,0,0,0,0,0,0,0,0,0,0,0,0,0,0,0,0,0,0,0,0,0,0,0,0,0,0,0,0,0,0,0,0,0,0,0,0,0,0,0,0,0,0,0,0,0,0,0,0,0,0,0,0,0,0,0,0,0,0,0,0,0,0,0,0,1,1,1,1,1,1
84002060,US,USA,840,2060.0,Bristol Bay,Alaska,US,58.74513976,-156.701064,"Bristol Bay, Alaska, US",0,0,0,0,0,0,0,0,0,0,0,0,0,0,0,0,0,0,0,0,0,0,0,0,0,0,0,0,0,0,0,0,0,0,0,0,0,0,0,0,0,0,0,0,0,0,0,0,0,0,0,0,0,0,0,0,0,0,0,0,0,0,0,0,0,0,0,0,0,0,0,0,0,0,0,0,0,0,0,0,0,0
84002068,US,USA,840,2068.0,Denali,Alaska,US,63.67264044,-150.0076108,"Denali, Alaska, US",0,0,0,0,0,0,0,0,0,0,0,0,0,0,0,0,0,0,0,0,0,0,0,0,0,0,0,0,0,0,0,0,0,0,0,0,0,0,0,0,0,0,0,0,0,0,0,0,0,0,0,0,0,0,0,0,0,0,0,0,0,0,0,0,0,0,0,0,0,0,0,0,0,0,0,0,0,0,0,0,0,0
84002070,US,USA,840,2070.0,Dillingham,Alaska,US,59.79603738,-158.23819419999995,"Dillingham, Alaska, US",0,0,0,0,0,0,0,0,0,0,0,0,0,0,0,0,0,0,0,0,0,0,0,0,0,0,0,0,0,0,0,0,0,0,0,0,0,0,0,0,0,0,0,0,0,0,0,0,0,0,0,0,0,0,0,0,0,0,0,0,0,0,0,0,0,0,0,0,0,0,0,0,0,0,0,0,0,0,0,0,0,0
84002090,US,USA,840,2090.0,Fairbanks North Star,Alaska,US,64.80726247,-146.5692662,"Fairbanks North Star,Alaska,US",0,0,0,0,0,0,0,0,0,0,0,0,0,0,0,0,0,0,0,0,0,0,0,0,0,0,0,0,0,0,0,0,0,0,0,0,0,0,0,0,0,0,0,0,0,0,0,0,0,0,0,0,0,0,0,2,3,3,5,6,7,7,7,10,11,10,19,23,28,30,35,40,42,46,53,53,65,71,73,76,76,79
84002100,US,USA,840,2100.0,Haines,Alaska,US,59.09893571,-135.4679843,"Haines, Alaska, US",0,0,0,0,0,0,0,0,0,0,0,0,0,0,0,0,0,0,0,0,0,0,0,0,0,0,0,0,0,0,0,0,0,0,0,0,0,0,0,0,0,0,0,0,0,0,0,0,0,0,0,0,0,0,0,0,0,0,0,0,0,0,0,0,0,0,0,0,0,0,0,0,0,0,0,0,0,0,0,0,0,0
84002105,US,USA,840,2105.0,Hoonah-Angoon,Alaska,US,58.29307365,-135.64244240000002,"Hoonah-Angoon, Alaska, US",0,0,0,0,0,0,0,0,0,0,0,0,0,0,0,0,0,0,0,0,0,0,0,0,0,0,0,0,0,0,0,0,0,0,0,0,0,0,0,0,0,0,0,0,0,0,0,0,0,0,0,0,0,0,0,0,0,0,0,0,0,0,0,0,0,0,0,0,0,0,0,0,0,0,0,0,0,0,0,0,0,0
84002110,US,USA,840,2110.0,Juneau,Alaska,US,58.45031811,-134.200436,"Juneau, Alaska, US",0,0,0,0,0,0,0,0,0,0,0,0,0,0,0,0,0,0,0,0,0,0,0,0,0,0,0,0,0,0,0,0,0,0,0,0,0,0,0,0,0,0,0,0,0,0,0,0,0,0,0,0,0,0,0,0,0,0,0,0,0,1,1,2,2,3,4,4,5,5,9,10,11,12,14,14,14,14,14,15,15,16
84002122,US,USA,840,2122.0,Kenai Peninsula,Alaska,US,60.24429722,-151.53888840000005,"Kenai Peninsula,Alaska,US",0,0,0,0,0,0,0,0,0,0,0,0,0,0,0,0,0,0,0,0,0,0,0,0,0,0,0,0,0,0,0,0,0,0,0,0,0,0,0,0,0,0,0,0,0,0,0,0,0,0,0,0,0,0,0,0,0,0,0,0,0,3,3,4,4,4,5,7,7,7,7,8,10,11,12,13,13,13,14,15,15,15
84002130,US,USA,840,2130.0,Ketchikan Gateway,Alaska,US,55.57445008,-130.975561,"Ketchikan Gateway, Alaska, US",0,0,0,0,0,0,0,0,0,0,0,0,0,0,0,0,0,0,0,0,0,0,0,0,0,0,0,0,0,0,0,0,0,0,0,0,0,0,0,0,0,0,0,0,0,0,0,0,0,0,0,0,0,0,0,0,0,1,2,3,6,6,6,8,11,11,12,12,13,13,13,14,14,14,14,14,14,14,14,14,14,15
84002150,US,USA,840,2150.0,Kodiak Island,Alaska,US,57.65529415,-153.7493579,"Kodiak Island, Alaska, US",0,0,0,0,0,0,0,0,0,0,0,0,0,0,0,0,0,0,0,0,0,0,0,0,0,0,0,0,0,0,0,0,0,0,0,0,0,0,0,0,0,0,0,0,0,0,0,0,0,0,0,0,0,0,0,0,0,0,0,0,0,0,0,0,0,0,0,0,0,0,0,0,0,0,0,0,0,0,0,0,0,0
84002158,US,USA,840,2158.0,Kusilvak,Alaska,US,62.15429159999999,-163.39678830000003,"Kusilvak, Alaska, US",0,0,0,0,0,0,0,0,0,0,0,0,0,0,0,0,0,0,0,0,0,0,0,0,0,0,0,0,0,0,0,0,0,0,0,0,0,0,0,0,0,0,0,0,0,0,0,0,0,0,0,0,0,0,0,0,0,0,0,0,0,0,0,0,0,0,0,0,0,0,0,0,0,0,0,0,0,0,0,0,0,0
84002164,US,USA,840,2164.0,Lake and Peninsula,Alaska,US,58.62403337,-156.21405890000003,"Lake and Peninsula, Alaska, US",0,0,0,0,0,0,0,0,0,0,0,0,0,0,0,0,0,0,0,0,0,0,0,0,0,0,0,0,0,0,0,0,0,0,0,0,0,0,0,0,0,0,0,0,0,0,0,0,0,0,0,0,0,0,0,0,0,0,0,0,0,0,0,0,0,0,0,0,0,0,0,0,0,0,0,0,0,0,0,0,0,0
84002170,US,USA,840,2170.0,Matanuska-Susitna,Alaska,US,62.31305045,-149.5741743,"Matanuska-Susitna,Alaska,US",0,0,0,0,0,0,0,0,0,0,0,0,0,0,0,0,0,0,0,0,0,0,0,0,0,0,0,0,0,0,0,0,0,0,0,0,0,0,0,0,0,0,0,0,0,0,0,0,0,0,0,0,0,0,0,0,0,0,0,0,0,0,0,0,0,0,2,2,2,3,3,4,4,4,4,4,4,5,6,9,10,14
84002180,US,USA,840,2180.0,Nome,Alaska,US,64.90320724,-164.0353804,"Nome, Alaska, US",0,0,0,0,0,0,0,0,0,0,0,0,0,0,0,0,0,0,0,0,0,0,0,0,0,0,0,0,0,0,0,0,0,0,0,0,0,0,0,0,0,0,0,0,0,0,0,0,0,0,0,0,0,0,0,0,0,0,0,0,0,0,0,0,0,0,0,0,0,0,0,0,0,0,0,0,0,0,0,0,0,0
84002185,US,USA,840,2185.0,North Slope,Alaska,US,69.31479216,-153.4836093,"North Slope, Alaska, US",0,0,0,0,0,0,0,0,0,0,0,0,0,0,0,0,0,0,0,0,0,0,0,0,0,0,0,0,0,0,0,0,0,0,0,0,0,0,0,0,0,0,0,0,0,0,0,0,0,0,0,0,0,0,0,0,0,0,0,0,0,0,0,0,0,0,0,0,0,0,0,0,0,0,0,0,0,0,0,0,0,0
84002188,US,USA,840,2188.0,Northwest Arctic,Alaska,US,67.04919196,-159.7503946,"Northwest Arctic, Alaska, US",0,0,0,0,0,0,0,0,0,0,0,0,0,0,0,0,0,0,0,0,0,0,0,0,0,0,0,0,0,0,0,0,0,0,0,0,0,0,0,0,0,0,0,0,0,0,0,0,0,0,0,0,0,0,0,0,0,0,0,0,0,0,0,0,0,0,0,0,0,0,0,0,0,0,0,0,0,0,0,0,0,0
84002195,US,USA,840,2195.0,Petersburg,Alaska,US,57.13978948,-132.9540995,"Petersburg, Alaska, US",0,0,0,0,0,0,0,0,0,0,0,0,0,0,0,0,0,0,0,0,0,0,0,0,0,0,0,0,0,0,0,0,0,0,0,0,0,0,0,0,0,0,0,0,0,0,0,0,0,0,0,0,0,0,0,0,0,0,0,0,0,0,0,0,0,0,0,0,0,0,0,0,1,1,1,2,2,2,2,2,2,2
84002198,US,USA,840,2198.0,Prince of Wales-Hyder,Alaska,US,55.76261984,-133.0511621,"Prince of Wales-Hyder, Alaska, US",0,0,0,0,0,0,0,0,0,0,0,0,0,0,0,0,0,0,0,0,0,0,0,0,0,0,0,0,0,0,0,0,0,0,0,0,0,0,0,0,0,0,0,0,0,0,0,0,0,0,0,0,0,0,0,0,0,0,0,0,0,0,0,0,0,0,0,0,0,0,0,0,0,0,0,0,0,0,0,0,1,1
84002220,US,USA,840,2220.0,Sitka,Alaska,US,57.24124555,-135.3206587,"Sitka, Alaska, US",0,0,0,0,0,0,0,0,0,0,0,0,0,0,0,0,0,0,0,0,0,0,0,0,0,0,0,0,0,0,0,0,0,0,0,0,0,0,0,0,0,0,0,0,0,0,0,0,0,0,0,0,0,0,0,0,0,0,0,0,0,0,0,0,0,0,0,0,0,0,0,0,0,0,0,0,0,0,0,0,0,0
84002230,US,USA,840,2230.0,Skagway,Alaska,US,59.56149996,-135.3337748,"Skagway, Alaska, US",0,0,0,0,0,0,0,0,0,0,0,0,0,0,0,0,0,0,0,0,0,0,0,0,0,0,0,0,0,0,0,0,0,0,0,0,0,0,0,0,0,0,0,0,0,0,0,0,0,0,0,0,0,0,0,0,0,0,0,0,0,0,0,0,0,0,0,0,0,0,0,0,0,0,0,0,0,0,0,0,0,0
84002240,US,USA,840,2240.0,Southeast Fairbanks,Alaska,US,63.87692095,-143.2127643,"Southeast Fairbanks, Alaska, US",0,0,0,0,0,0,0,0,0,0,0,0,0,0,0,0,0,0,0,0,0,0,0,0,0,0,0,0,0,0,0,0,0,0,0,0,0,0,0,0,0,0,0,0,0,0,0,0,0,0,0,0,0,0,0,0,0,0,0,0,0,0,0,0,0,0,0,0,0,0,0,0,1,1,1,1,1,1,1,1,1,1
84002261,US,USA,840,2261.0,Valdez-Cordova,Alaska,US,61.47502768,-144.7126799,"Valdez-Cordova, Alaska, US",0,0,0,0,0,0,0,0,0,0,0,0,0,0,0,0,0,0,0,0,0,0,0,0,0,0,0,0,0,0,0,0,0,0,0,0,0,0,0,0,0,0,0,0,0,0,0,0,0,0,0,0,0,0,0,0,0,0,0,0,0,0,0,0,0,0,0,0,0,0,0,0,0,0,0,0,0,0,0,0,0,0
84002275,US,USA,840,2275.0,Wrangell,Alaska,US,56.3202004,-132.05837309999998,"Wrangell, Alaska, US",0,0,0,0,0,0,0,0,0,0,0,0,0,0,0,0,0,0,0,0,0,0,0,0,0,0,0,0,0,0,0,0,0,0,0,0,0,0,0,0,0,0,0,0,0,0,0,0,0,0,0,0,0,0,0,0,0,0,0,0,0,0,0,0,0,0,0,0,0,0,0,0,0,0,0,0,0,0,0,0,0,0
84002282,US,USA,840,2282.0,Yakutat,Alaska,US,59.8909808,-140.36014509999998,"Yakutat, Alaska, US",0,0,0,0,0,0,0,0,0,0,0,0,0,0,0,0,0,0,0,0,0,0,0,0,0,0,0,0,0,0,0,0,0,0,0,0,0,0,0,0,0,0,0,0,0,0,0,0,0,0,0,0,0,0,0,0,0,0,0,0,0,0,0,0,0,0,0,0,0,0,0,0,0,0,0,0,0,0,0,0,0,0